record_id,academic_year,term,department,semester_no,subject_code,subject_name,course_type,cohort_size,industry_demand_index,prev_year_registered,staff_available,registered_students,sections_opened,avg_section_size,is_synthetic,credits,has_lab,topic_category,topic_trend_index,rival_elective_trend,dept_placement_rate_prev,prereq_pass_rate,course_age_years,is_first_offering,covid_flag,staff_shortfall,split
FC00001,2026-27,Odd,CSE,1,CS101,Engineering Mathematics I,core,221,85.3,223,10,,,,True,4,0,general,35.1,,79.5,88.7,22,0,0,,forecast
FC00002,2026-27,Odd,CSE,1,CS102,Problem Solving and C Programming,core,221,85.3,227,9,,,,True,3,1,software,64.6,,79.5,83.7,22,0,0,,forecast
FC00003,2026-27,Odd,CSE,1,CS151,Technical English,elective,221,85.3,212,9,,,,True,3,0,humanities_mgmt,24.5,24.9,79.5,84.7,22,0,0,,forecast
FC00004,2026-27,Odd,CSE,1,CS152,Environmental Science,elective,221,85.3,212,8,,,,True,3,0,humanities_mgmt,24.9,24.5,79.5,94.2,22,0,0,,forecast
FC00005,2026-27,Even,CSE,2,CS201,Data Structures,core,228,85.2,216,8,,,,True,3,1,general,31.7,,77.0,89.7,22,0,0,,forecast
FC00006,2026-27,Even,CSE,2,CS202,Digital Principles,core,228,85.2,217,11,,,,True,4,0,general,39.3,,77.0,84.4,22,0,0,,forecast
FC00007,2026-27,Even,CSE,2,CS251,Python Programming,elective,228,85.2,211,11,,,,True,3,1,software,62.3,33.1,77.0,80.2,22,0,0,,forecast
FC00008,2026-27,Even,CSE,2,CS252,Engineering Graphics,elective,228,85.2,206,8,,,,True,3,1,general,33.1,62.3,77.0,82.1,22,0,0,,forecast
FC00009,2026-27,Odd,CSE,3,CS301,Discrete Mathematics,core,236,85.3,238,9,,,,True,3,0,general,33.2,,82.3,79.7,21,0,0,,forecast
FC00010,2026-27,Odd,CSE,3,CS302,Computer Architecture,core,236,85.3,247,11,,,,True,4,0,general,28.2,,82.3,86.3,21,0,0,,forecast
FC00011,2026-27,Odd,CSE,3,CS351,Probability and Statistics,elective,236,85.3,231,8,,,,True,3,0,general,30.2,24.2,82.3,84.1,21,0,0,,forecast
FC00012,2026-27,Odd,CSE,3,CS352,Professional Ethics,elective,236,85.3,228,11,,,,True,3,0,humanities_mgmt,24.2,30.2,82.3,82.1,21,0,0,,forecast
FC00013,2026-27,Even,CSE,4,CS401,Object Oriented Programming,core,236,85.2,241,10,,,,True,4,1,software,59.3,,78.1,77.5,21,0,0,,forecast
FC00014,2026-27,Even,CSE,4,CS402,Theory of Computation,core,236,85.2,241,9,,,,True,3,0,general,36.3,,78.1,66.7,21,0,0,,forecast
FC00015,2026-27,Even,CSE,4,CS451,Cyber Law,elective,236,85.2,229,9,,,,True,3,0,security,72.8,20.3,78.1,76.4,21,0,0,,forecast
FC00016,2026-27,Even,CSE,4,CS452,Soft Skills,elective,236,85.2,217,10,,,,True,3,0,humanities_mgmt,20.3,72.8,78.1,75.4,21,0,0,,forecast
FC00017,2026-27,Odd,CSE,5,CS501,Computer Organization,core,242,85.3,223,11,,,,True,3,0,general,36.9,,80.7,84.8,20,0,0,,forecast
FC00018,2026-27,Odd,CSE,5,CS502,Computer Networks,core,242,85.3,219,11,,,,True,4,1,general,33.4,,80.7,85.7,20,0,0,,forecast
FC00019,2026-27,Odd,CSE,5,CS551,Machine Learning,elective,242,85.3,209,11,,,,True,3,0,ai_ml,91.0,59.3,80.7,89.9,14,0,0,,forecast
FC00020,2026-27,Odd,CSE,5,CS552,Software Testing,elective,242,85.3,201,8,,,,True,3,0,software,59.3,91.0,80.7,78.8,20,0,0,,forecast
FC00021,2026-27,Even,CSE,6,CS601,Database Management Systems,core,232,85.2,217,10,,,,True,4,1,humanities_mgmt,23.8,,82.9,87.0,20,0,0,,forecast
FC00022,2026-27,Even,CSE,6,CS602,Software Engineering,core,232,85.2,215,10,,,,True,4,0,general,38.7,,82.9,77.8,20,0,0,,forecast
FC00023,2026-27,Even,CSE,6,CS651,Cloud Computing,elective,232,85.2,205,8,,,,True,3,0,cloud,74.7,77.3,82.9,86.0,15,0,0,,forecast
FC00024,2026-27,Even,CSE,6,CS652,Data Visualization,elective,232,85.2,207,9,,,,True,3,0,data,77.3,74.7,82.9,87.8,11,0,0,,forecast
FC00025,2026-27,Odd,CSE,7,CS701,Operating Systems,core,223,85.3,211,11,,,,True,4,0,general,35.8,,80.9,90.1,19,0,0,,forecast
FC00026,2026-27,Odd,CSE,7,CS702,Compiler Principles,core,223,85.3,209,10,,,,True,4,0,general,37.5,,80.9,71.0,19,0,0,,forecast
FC00027,2026-27,Odd,CSE,7,CS751,Deep Learning,elective,223,85.3,202,10,,,,True,3,0,ai_ml,91.8,83.7,80.9,76.0,9,0,0,,forecast
FC00028,2026-27,Odd,CSE,7,CS752,Big Data Analytics,elective,223,85.3,199,10,,,,True,3,0,data,83.7,91.8,80.9,74.3,13,0,0,,forecast
FC00029,2026-27,Even,CSE,8,CS801,Compiler Design,core,221,85.2,212,9,,,,True,4,0,general,33.0,,79.6,84.6,19,0,0,,forecast
FC00030,2026-27,Even,CSE,8,CS802,Information Security,core,221,85.2,214,7,,,,True,4,0,security,69.8,,79.6,90.3,19,0,0,,forecast
FC00031,2026-27,Even,CSE,8,CS851,Generative AI,elective,221,85.2,204,9,,,,True,3,0,ai_ml,91.0,7.8,79.6,80.5,3,0,0,,forecast
FC00032,2026-27,Even,CSE,8,CS852,Blockchain Technology,elective,221,85.2,178,8,,,,True,3,0,blockchain,7.8,91.0,79.6,76.3,9,0,0,,forecast
FC00033,2026-27,Odd,ECE,1,EC101,Engineering Mathematics I,core,118,62.5,114,5,,,,True,4,0,general,36.8,,68.0,79.2,22,0,0,,forecast
FC00034,2026-27,Odd,ECE,1,EC102,Basic Electrical Engineering,core,118,62.5,112,4,,,,True,4,0,general,36.5,,68.0,84.2,22,0,0,,forecast
FC00035,2026-27,Odd,ECE,1,EC151,Technical English,elective,118,62.5,75,6,,,,True,3,0,humanities_mgmt,18.1,22.1,68.0,92.2,22,0,0,,forecast
FC00036,2026-27,Odd,ECE,1,EC152,Environmental Science,elective,118,62.5,89,5,,,,True,3,0,humanities_mgmt,22.1,18.1,68.0,92.5,22,0,0,,forecast
FC00037,2026-27,Even,ECE,2,EC201,Circuit Theory,core,119,55.0,110,4,,,,True,4,1,general,41.1,,65.8,81.4,22,0,0,,forecast
FC00038,2026-27,Even,ECE,2,EC202,Network Analysis,core,119,55.0,112,6,,,,True,4,0,general,34.2,,65.8,78.6,22,0,0,,forecast
FC00039,2026-27,Even,ECE,2,EC251,Programming in Python,elective,119,55.0,99,5,,,,True,3,1,software,64.4,34.9,65.8,81.8,22,0,0,,forecast
FC00040,2026-27,Even,ECE,2,EC252,Engineering Graphics,elective,119,55.0,68,6,,,,True,3,1,general,34.9,64.4,65.8,72.2,22,0,0,,forecast
FC00041,2026-27,Odd,ECE,3,EC301,Electronic Devices,core,119,62.5,124,5,,,,True,4,1,general,31.2,,66.3,81.9,21,0,0,,forecast
FC00042,2026-27,Odd,ECE,3,EC302,Electromagnetic Fields,core,119,62.5,124,6,,,,True,4,0,general,32.7,,66.3,77.5,21,0,0,,forecast
FC00043,2026-27,Odd,ECE,3,EC351,Probability,elective,119,62.5,98,4,,,,True,3,0,general,34.7,29.5,66.3,87.1,21,0,0,,forecast
FC00044,2026-27,Odd,ECE,3,EC352,Professional Ethics,elective,119,62.5,89,5,,,,True,3,0,humanities_mgmt,29.5,34.7,66.3,91.4,21,0,0,,forecast
FC00045,2026-27,Even,ECE,4,EC401,Signals and Systems,core,119,55.0,121,5,,,,True,4,1,general,39.9,,56.6,96.7,21,0,0,,forecast
FC00046,2026-27,Even,ECE,4,EC402,Linear Integrated Circuits,core,119,55.0,119,4,,,,True,4,1,general,41.6,,56.6,87.4,21,0,0,,forecast
FC00047,2026-27,Even,ECE,4,EC451,Open Elective: Management,elective,119,55.0,82,5,,,,True,3,0,humanities_mgmt,27.6,25.5,56.6,83.1,21,0,0,,forecast
FC00048,2026-27,Even,ECE,4,EC452,Soft Skills,elective,119,55.0,88,5,,,,True,3,0,humanities_mgmt,25.5,27.6,56.6,83.8,21,0,0,,forecast
FC00049,2026-27,Odd,ECE,5,EC501,Analog Circuits,core,127,62.5,119,5,,,,True,3,1,general,42.4,,65.4,83.4,20,0,0,,forecast
FC00050,2026-27,Odd,ECE,5,EC502,Digital Communication,core,127,62.5,119,5,,,,True,4,0,general,41.2,,65.4,88.7,20,0,0,,forecast
FC00051,2026-27,Odd,ECE,5,EC551,Embedded Systems,elective,127,62.5,102,6,,,,True,3,1,iot_robotics,58.1,32.1,65.4,83.2,20,0,0,,forecast
FC00052,2026-27,Odd,ECE,5,EC552,Medical Electronics,elective,127,62.5,67,6,,,,True,3,1,general,32.1,58.1,65.4,87.1,20,0,0,,forecast
FC00053,2026-27,Even,ECE,6,EC601,Digital Signal Processing,core,119,55.0,119,4,,,,True,4,1,general,30.3,,61.0,82.8,20,0,0,,forecast
FC00054,2026-27,Even,ECE,6,EC602,Microwave Engineering,core,119,55.0,116,4,,,,True,3,0,general,34.8,,61.0,81.7,20,0,0,,forecast
FC00055,2026-27,Even,ECE,6,EC651,IoT Fundamentals,elective,119,55.0,100,4,,,,True,3,0,iot_robotics,57.4,34.6,61.0,82.1,12,0,0,,forecast
FC00056,2026-27,Even,ECE,6,EC652,Biomedical Instrumentation,elective,119,55.0,89,4,,,,True,3,0,general,34.6,57.4,61.0,87.4,20,0,0,,forecast
FC00057,2026-27,Odd,ECE,7,EC701,Communication Systems,core,117,62.5,116,4,,,,True,4,0,general,32.3,,66.7,88.5,19,0,0,,forecast
FC00058,2026-27,Odd,ECE,7,EC702,Antenna and Wave Propagation,core,117,62.5,111,5,,,,True,4,0,general,38.9,,66.7,85.8,19,0,0,,forecast
FC00059,2026-27,Odd,ECE,7,EC751,Wireless Sensor Networks,elective,117,62.5,92,4,,,,True,3,1,iot_robotics,61.1,34.1,66.7,81.7,19,0,0,,forecast
FC00060,2026-27,Odd,ECE,7,EC752,Satellite Communication,elective,117,62.5,83,4,,,,True,3,0,general,34.1,61.1,66.7,78.6,19,0,0,,forecast
FC00061,2026-27,Even,ECE,8,EC801,VLSI Design,core,117,55.0,111,4,,,,True,3,1,general,36.7,,65.7,86.0,19,0,0,,forecast
FC00062,2026-27,Even,ECE,8,EC802,Optical Communication,core,117,55.0,114,5,,,,True,4,0,general,37.6,,65.7,84.5,19,0,0,,forecast
FC00063,2026-27,Even,ECE,8,EC851,Machine Vision,elective,117,55.0,102,5,,,,True,3,0,ai_ml,90.0,37.6,65.7,83.5,10,0,0,,forecast
FC00064,2026-27,Even,ECE,8,EC852,Radar Systems,elective,117,55.0,77,5,,,,True,3,0,general,37.6,90.0,65.7,82.1,19,0,0,,forecast
FC00065,2026-27,Odd,EEE,1,EE101,Engineering Mathematics I,core,58,47.0,62,2,,,,True,4,0,general,38.5,,59.7,87.6,22,0,0,,forecast
FC00066,2026-27,Odd,EEE,1,EE102,Basic Electronics,core,58,47.0,61,3,,,,True,3,1,general,35.0,,59.7,92.2,22,0,0,,forecast
FC00067,2026-27,Odd,EEE,1,EE151,Technical English,elective,58,47.0,34,3,,,,True,3,0,humanities_mgmt,20.4,23.8,59.7,83.6,22,0,0,,forecast
FC00068,2026-27,Odd,EEE,1,EE152,Environmental Science,elective,58,47.0,37,2,,,,True,3,0,humanities_mgmt,23.8,20.4,59.7,90.4,22,0,0,,forecast
FC00069,2026-27,Even,EEE,2,EE201,Circuit Analysis,core,59,51.9,58,3,,,,True,3,1,general,33.1,,53.8,82.6,22,0,0,,forecast
FC00070,2026-27,Even,EEE,2,EE202,Electromagnetic Theory,core,59,51.9,58,2,,,,True,4,0,general,40.0,,53.8,78.2,22,0,0,,forecast
FC00071,2026-27,Even,EEE,2,EE251,Programming in Python,elective,59,51.9,42,3,,,,True,3,1,software,54.7,31.7,53.8,80.7,22,0,0,,forecast
FC00072,2026-27,Even,EEE,2,EE252,Engineering Graphics,elective,59,51.9,24,3,,,,True,3,1,general,31.7,54.7,53.8,81.5,22,0,0,,forecast
FC00073,2026-27,Odd,EEE,3,EE301,Electrical Machines I,core,63,47.0,66,3,,,,True,4,1,general,39.0,,62.0,82.2,21,0,0,,forecast
FC00074,2026-27,Odd,EEE,3,EE302,Analog Electronics,core,63,47.0,66,3,,,,True,4,1,general,36.8,,62.0,83.0,21,0,0,,forecast
FC00075,2026-27,Odd,EEE,3,EE351,Probability,elective,63,47.0,43,3,,,,True,3,0,general,34.8,22.5,62.0,72.6,21,0,0,,forecast
FC00076,2026-27,Odd,EEE,3,EE352,Professional Ethics,elective,63,47.0,39,3,,,,True,3,0,humanities_mgmt,22.5,34.8,62.0,82.5,21,0,0,,forecast
FC00077,2026-27,Even,EEE,4,EE401,Control Systems,core,62,51.9,62,2,,,,True,3,0,general,37.4,,61.4,72.5,21,0,0,,forecast
FC00078,2026-27,Even,EEE,4,EE402,Transmission and Distribution,core,62,51.9,65,3,,,,True,4,0,general,38.0,,61.4,78.5,21,0,0,,forecast
FC00079,2026-27,Even,EEE,4,EE451,Open Elective: Management,elective,62,51.9,38,2,,,,True,3,0,humanities_mgmt,20.7,27.3,61.4,81.1,21,0,0,,forecast
FC00080,2026-27,Even,EEE,4,EE452,Soft Skills,elective,62,51.9,34,2,,,,True,3,0,humanities_mgmt,27.3,20.7,61.4,86.9,21,0,0,,forecast
FC00081,2026-27,Odd,EEE,5,EE501,Power Systems I,core,64,47.0,59,3,,,,True,4,0,general,32.5,,58.2,77.0,20,0,0,,forecast
FC00082,2026-27,Odd,EEE,5,EE502,Microprocessors and Microcontrollers,core,64,47.0,57,2,,,,True,4,1,general,37.8,,58.2,95.9,20,0,0,,forecast
FC00083,2026-27,Odd,EEE,5,EE551,Renewable Energy,elective,64,47.0,44,3,,,,True,3,0,green_energy,66.2,33.2,58.2,83.5,17,0,0,,forecast
FC00084,2026-27,Odd,EEE,5,EE552,Industrial Automation,elective,64,47.0,28,3,,,,True,3,0,general,33.2,66.2,58.2,77.6,16,0,0,,forecast
FC00085,2026-27,Even,EEE,6,EE601,Power Electronics,core,62,51.9,58,3,,,,True,4,1,general,36.1,,52.1,83.8,20,0,0,,forecast
FC00086,2026-27,Even,EEE,6,EE602,Measurements and Instrumentation,core,62,51.9,59,3,,,,True,4,0,general,32.5,,52.1,84.2,20,0,0,,forecast
FC00087,2026-27,Even,EEE,6,EE651,Electric Vehicles,elective,62,51.9,32,3,,,,True,3,0,green_energy,60.7,66.3,52.1,86.1,7,0,0,,forecast
FC00088,2026-27,Even,EEE,6,EE652,Solar PV Systems,elective,62,51.9,41,3,,,,True,3,0,green_energy,66.3,60.7,52.1,83.5,14,0,0,,forecast
FC00089,2026-27,Odd,EEE,7,EE701,Electrical Machines II,core,58,47.0,52,2,,,,True,3,1,general,34.0,,65.9,85.1,19,0,0,,forecast
FC00090,2026-27,Odd,EEE,7,EE702,Power System Operation,core,58,47.0,51,3,,,,True,3,0,general,34.9,,65.9,79.1,19,0,0,,forecast
FC00091,2026-27,Odd,EEE,7,EE751,Smart Grid,elective,58,47.0,39,3,,,,True,3,0,green_energy,64.9,35.4,65.9,76.8,13,0,0,,forecast
FC00092,2026-27,Odd,EEE,7,EE752,HVDC Transmission,elective,58,47.0,27,2,,,,True,3,0,general,35.4,64.9,65.9,82.9,19,0,0,,forecast
FC00093,2026-27,Even,EEE,8,EE801,Power System Protection,core,57,51.9,53,2,,,,True,3,0,general,43.1,,55.9,79.6,19,0,0,,forecast
FC00094,2026-27,Even,EEE,8,EE802,Electrical Drives,core,57,51.9,52,2,,,,True,4,1,general,38.3,,55.9,86.8,19,0,0,,forecast
FC00095,2026-27,Even,EEE,8,EE851,Energy Auditing,elective,57,51.9,35,3,,,,True,3,0,green_energy,62.7,33.1,55.9,82.0,19,0,0,,forecast
FC00096,2026-27,Even,EEE,8,EE852,Power Quality,elective,57,51.9,25,3,,,,True,3,0,general,33.1,62.7,55.9,92.6,19,0,0,,forecast
FC00097,2026-27,Odd,IT,1,IT101,Engineering Mathematics I,core,112,77.8,106,5,,,,True,4,0,general,41.0,,72.4,91.0,22,0,0,,forecast
FC00098,2026-27,Odd,IT,1,IT102,Fundamentals of IT,core,112,77.8,104,5,,,,True,4,0,general,35.4,,72.4,93.3,22,0,0,,forecast
FC00099,2026-27,Odd,IT,1,IT151,Technical English,elective,112,77.8,92,5,,,,True,3,0,humanities_mgmt,20.8,20.7,72.4,93.0,22,0,0,,forecast
FC00100,2026-27,Odd,IT,1,IT152,Environmental Science,elective,112,77.8,96,4,,,,True,3,0,humanities_mgmt,20.7,20.8,72.4,85.1,22,0,0,,forecast
FC00101,2026-27,Even,IT,2,IT201,Programming in C,core,110,73.9,111,5,,,,True,3,1,software,64.6,,72.6,82.9,22,0,0,,forecast
FC00102,2026-27,Even,IT,2,IT202,Computer Organization,core,110,73.9,111,4,,,,True,3,0,general,38.7,,72.6,85.6,22,0,0,,forecast
FC00103,2026-27,Even,IT,2,IT251,Python Programming,elective,110,73.9,100,5,,,,True,3,1,software,57.3,30.9,72.6,83.0,22,0,0,,forecast
FC00104,2026-27,Even,IT,2,IT252,Engineering Graphics,elective,110,73.9,88,4,,,,True,3,1,general,30.9,57.3,72.6,85.4,22,0,0,,forecast
FC00105,2026-27,Odd,IT,3,IT301,Digital Logic,core,119,77.8,117,4,,,,True,3,0,general,32.6,,69.1,79.7,21,0,0,,forecast
FC00106,2026-27,Odd,IT,3,IT302,Object Oriented Programming,core,119,77.8,117,4,,,,True,4,1,software,58.2,,69.1,86.4,21,0,0,,forecast
FC00107,2026-27,Odd,IT,3,IT351,Statistics,elective,119,77.8,102,5,,,,True,3,0,general,42.1,28.6,69.1,85.1,21,0,0,,forecast
FC00108,2026-27,Odd,IT,3,IT352,Professional Ethics,elective,119,77.8,90,5,,,,True,3,0,humanities_mgmt,28.6,42.1,69.1,72.6,21,0,0,,forecast
FC00109,2026-27,Even,IT,4,IT401,Data Structures,core,116,73.9,116,4,,,,True,3,1,general,32.5,,74.1,81.0,21,0,0,,forecast
FC00110,2026-27,Even,IT,4,IT402,Operating Systems,core,116,73.9,116,6,,,,True,4,0,general,38.2,,74.1,74.6,21,0,0,,forecast
FC00111,2026-27,Even,IT,4,IT451,Open Elective: Management,elective,116,73.9,101,4,,,,True,3,0,humanities_mgmt,23.0,24.4,74.1,86.9,21,0,0,,forecast
FC00112,2026-27,Even,IT,4,IT452,Soft Skills,elective,116,73.9,99,4,,,,True,3,0,humanities_mgmt,24.4,23.0,74.1,84.0,21,0,0,,forecast
FC00113,2026-27,Odd,IT,5,IT501,Web Technologies,core,114,77.8,113,5,,,,True,3,0,software,57.1,,68.4,81.1,20,0,0,,forecast
FC00114,2026-27,Odd,IT,5,IT502,Software Engineering,core,114,77.8,111,5,,,,True,4,0,general,37.0,,68.4,83.7,20,0,0,,forecast
FC00115,2026-27,Odd,IT,5,IT551,Mobile App Development,elective,114,77.8,101,5,,,,True,3,0,software,60.9,59.5,68.4,84.2,16,0,0,,forecast
FC00116,2026-27,Odd,IT,5,IT552,Human Computer Interaction,elective,114,77.8,98,4,,,,True,3,0,software,59.5,60.9,68.4,84.3,20,0,0,,forecast
FC00117,2026-27,Even,IT,6,IT601,Database Systems,core,114,73.9,114,5,,,,True,4,1,general,35.3,,73.2,80.9,20,0,0,,forecast
FC00118,2026-27,Even,IT,6,IT602,Artificial Intelligence,core,114,73.9,118,5,,,,True,3,0,ai_ml,92.0,,73.2,83.9,20,0,0,,forecast
FC00119,2026-27,Even,IT,6,IT651,Data Analytics,elective,114,73.9,106,5,,,,True,3,0,data,72.5,77.6,73.2,82.9,13,0,0,,forecast
FC00120,2026-27,Even,IT,6,IT652,Cloud Fundamentals,elective,114,73.9,105,4,,,,True,3,0,cloud,77.6,72.5,73.2,84.9,15,0,0,,forecast
FC00121,2026-27,Odd,IT,7,IT701,Computer Networks,core,114,77.8,108,5,,,,True,4,1,general,35.1,,78.9,82.0,19,0,0,,forecast
FC00122,2026-27,Odd,IT,7,IT702,Distributed Systems,core,114,77.8,108,5,,,,True,4,0,general,37.4,,78.9,79.0,19,0,0,,forecast
FC00123,2026-27,Odd,IT,7,IT751,Cyber Security,elective,114,77.8,101,5,,,,True,3,0,security,70.8,64.1,78.9,89.7,14,0,0,,forecast
FC00124,2026-27,Odd,IT,7,IT752,Internet of Things,elective,114,77.8,94,5,,,,True,3,0,iot_robotics,64.1,70.8,78.9,87.0,12,0,0,,forecast
FC00125,2026-27,Even,IT,8,IT801,Cloud Computing,core,116,73.9,113,4,,,,True,4,0,cloud,72.9,,74.3,90.7,19,0,0,,forecast
FC00126,2026-27,Even,IT,8,IT802,Software Project Management,core,116,73.9,109,5,,,,True,3,0,humanities_mgmt,23.2,,74.3,81.8,19,0,0,,forecast
FC00127,2026-27,Even,IT,8,IT851,Natural Language Processing,elective,116,73.9,106,5,,,,True,3,0,ai_ml,90.3,8.0,74.3,84.1,8,0,0,,forecast
FC00128,2026-27,Even,IT,8,IT852,Blockchain Technology,elective,116,73.9,72,5,,,,True,3,0,blockchain,8.0,90.3,74.3,73.7,9,0,0,,forecast
FC00129,2026-27,Odd,MECH,1,ME101,Engineering Mathematics I,core,56,46.5,58,2,,,,True,4,0,general,33.9,,49.6,81.4,22,0,0,,forecast
FC00130,2026-27,Odd,MECH,1,ME102,Engineering Physics,core,56,46.5,57,2,,,,True,4,0,general,42.2,,49.6,88.6,22,0,0,,forecast
FC00131,2026-27,Odd,MECH,1,ME151,Technical English,elective,56,46.5,24,3,,,,True,3,0,humanities_mgmt,27.6,27.7,49.6,87.0,22,0,0,,forecast
FC00132,2026-27,Odd,MECH,1,ME152,Environmental Science,elective,56,46.5,21,2,,,,True,3,0,humanities_mgmt,27.7,27.6,49.6,90.3,22,0,0,,forecast
FC00133,2026-27,Even,MECH,2,ME201,Engineering Mechanics,core,55,42.6,57,2,,,,True,3,0,general,30.2,,48.6,77.2,22,0,0,,forecast
FC00134,2026-27,Even,MECH,2,ME202,Basic Electrical and Electronics,core,55,42.6,55,3,,,,True,4,1,general,34.0,,48.6,81.9,22,0,0,,forecast
FC00135,2026-27,Even,MECH,2,ME251,Programming in Python,elective,55,42.6,34,2,,,,True,3,1,software,60.2,41.3,48.6,83.4,22,0,0,,forecast
FC00136,2026-27,Even,MECH,2,ME252,Workshop Practice,elective,55,42.6,22,2,,,,True,3,1,general,41.3,60.2,48.6,76.4,22,0,0,,forecast
FC00137,2026-27,Odd,MECH,3,ME301,Thermodynamics,core,63,46.5,61,2,,,,True,3,0,general,36.3,,55.4,86.3,21,0,0,,forecast
FC00138,2026-27,Odd,MECH,3,ME302,Strength of Materials,core,63,46.5,61,2,,,,True,4,0,general,41.0,,55.4,86.2,21,0,0,,forecast
FC00139,2026-27,Odd,MECH,3,ME351,Statistics,elective,63,46.5,30,3,,,,True,3,0,general,35.7,23.8,55.4,89.5,21,0,0,,forecast
FC00140,2026-27,Odd,MECH,3,ME352,Professional Ethics,elective,63,46.5,24,3,,,,True,3,0,humanities_mgmt,23.8,35.7,55.4,82.9,21,0,0,,forecast
FC00141,2026-27,Even,MECH,4,ME401,Fluid Mechanics,core,62,42.6,60,3,,,,True,3,0,general,37.2,,50.1,77.9,21,0,0,,forecast
FC00142,2026-27,Even,MECH,4,ME402,Kinematics of Machinery,core,62,42.6,59,3,,,,True,4,0,general,32.4,,50.1,81.8,21,0,0,,forecast
FC00143,2026-27,Even,MECH,4,ME451,Open Elective: Management,elective,62,42.6,29,3,,,,True,3,0,humanities_mgmt,24.4,26.5,50.1,69.7,21,0,0,,forecast
FC00144,2026-27,Even,MECH,4,ME452,Soft Skills,elective,62,42.6,22,2,,,,True,3,0,humanities_mgmt,26.5,24.4,50.1,90.9,21,0,0,,forecast
FC00145,2026-27,Odd,MECH,5,ME501,Manufacturing Processes,core,61,46.5,57,2,,,,True,3,1,general,41.6,,57.2,72.1,20,0,0,,forecast
FC00146,2026-27,Odd,MECH,5,ME502,Dynamics of Machinery,core,61,46.5,57,3,,,,True,4,0,general,34.2,,57.2,79.0,20,0,0,,forecast
FC00147,2026-27,Odd,MECH,5,ME551,CAD and CAM,elective,61,46.5,27,3,,,,True,3,0,general,33.9,35.6,57.2,83.0,20,0,0,,forecast
FC00148,2026-27,Odd,MECH,5,ME552,Quality Engineering,elective,61,46.5,24,2,,,,True,3,0,general,35.6,33.9,57.2,78.0,20,0,0,,forecast
FC00149,2026-27,Even,MECH,6,ME601,Heat Transfer,core,61,42.6,59,3,,,,True,4,0,general,36.1,,57.2,76.5,20,0,0,,forecast
FC00150,2026-27,Even,MECH,6,ME602,Metrology and Measurements,core,61,42.6,61,3,,,,True,4,0,general,37.1,,57.2,92.5,20,0,0,,forecast
FC00151,2026-27,Even,MECH,6,ME651,Robotics,elective,61,42.6,40,2,,,,True,3,0,iot_robotics,64.4,38.4,57.2,79.7,14,0,0,,forecast
FC00152,2026-27,Even,MECH,6,ME652,Finite Element Analysis,elective,61,42.6,19,2,,,,True,3,0,general,38.4,64.4,57.2,75.7,20,0,0,,forecast
FC00153,2026-27,Odd,MECH,7,ME701,Machine Design,core,58,46.5,62,2,,,,True,4,0,general,36.1,,52.0,82.2,19,0,0,,forecast
FC00154,2026-27,Odd,MECH,7,ME702,Refrigeration and Air Conditioning,core,58,46.5,59,3,,,,True,4,0,general,35.2,,52.0,82.6,19,0,0,,forecast
FC00155,2026-27,Odd,MECH,7,ME751,Additive Manufacturing,elective,58,46.5,24,3,,,,True,3,1,general,35.4,34.8,52.0,78.7,11,0,0,,forecast
FC00156,2026-27,Odd,MECH,7,ME752,Automotive Engineering,elective,58,46.5,24,2,,,,True,3,0,general,34.8,35.4,52.0,85.4,19,0,0,,forecast
FC00157,2026-27,Even,MECH,8,ME801,Mechatronics,core,57,42.6,61,2,,,,True,3,0,iot_robotics,63.6,,52.2,82.9,19,0,0,,forecast
FC00158,2026-27,Even,MECH,8,ME802,Power Plant Engineering,core,57,42.6,61,2,,,,True,3,0,general,37.2,,52.2,78.0,19,0,0,,forecast
FC00159,2026-27,Even,MECH,8,ME851,Industrial IoT,elective,57,42.6,44,2,,,,True,3,0,iot_robotics,61.9,32.7,52.2,76.4,12,0,0,,forecast
FC00160,2026-27,Even,MECH,8,ME852,Operations Research,elective,57,42.6,23,2,,,,True,3,0,general,32.7,61.9,52.2,74.7,19,0,0,,forecast
FC00161,2026-27,Odd,CIVIL,1,CE101,Engineering Mathematics I,core,46,41.5,44,2,,,,True,4,0,general,36.8,,52.5,94.2,22,0,0,,forecast
FC00162,2026-27,Odd,CIVIL,1,CE102,Engineering Physics,core,46,41.5,43,2,,,,True,4,0,general,34.7,,52.5,92.0,22,0,0,,forecast
FC00163,2026-27,Odd,CIVIL,1,CE151,Technical English,elective,46,41.5,16,2,,,,True,3,0,humanities_mgmt,23.1,23.1,52.5,89.7,22,0,0,,forecast
FC00164,2026-27,Odd,CIVIL,1,CE152,Environmental Science,elective,46,41.5,21,2,,,,True,3,0,humanities_mgmt,23.1,23.1,52.5,81.1,22,0,0,,forecast
FC00165,2026-27,Even,CIVIL,2,CE201,Engineering Mechanics,core,45,40.0,43,2,,,,True,3,0,general,32.7,,51.2,80.2,22,0,0,,forecast
FC00166,2026-27,Even,CIVIL,2,CE202,Building Materials,core,45,40.0,44,2,,,,True,4,0,general,33.5,,51.2,89.2,22,0,0,,forecast
FC00167,2026-27,Even,CIVIL,2,CE251,Programming in Python,elective,45,40.0,30,2,,,,True,3,1,software,59.6,37.3,51.2,87.3,22,0,0,,forecast
FC00168,2026-27,Even,CIVIL,2,CE252,Engineering Graphics,elective,45,40.0,18,2,,,,True,3,1,general,37.3,59.6,51.2,84.0,22,0,0,,forecast
FC00169,2026-27,Odd,CIVIL,3,CE301,Strength of Materials,core,47,41.5,47,2,,,,True,4,0,general,34.8,,58.1,87.8,21,0,0,,forecast
FC00170,2026-27,Odd,CIVIL,3,CE302,Surveying,core,47,41.5,45,2,,,,True,4,1,general,34.5,,58.1,78.5,21,0,0,,forecast
FC00171,2026-27,Odd,CIVIL,3,CE351,Probability and Statistics,elective,47,41.5,22,2,,,,True,3,0,general,38.1,26.1,58.1,86.5,21,0,0,,forecast
FC00172,2026-27,Odd,CIVIL,3,CE352,Professional Ethics,elective,47,41.5,15,2,,,,True,3,0,humanities_mgmt,26.1,38.1,58.1,78.6,21,0,0,,forecast
FC00173,2026-27,Even,CIVIL,4,CE401,Fluid Mechanics,core,47,40.0,44,2,,,,True,3,0,general,34.2,,52.5,80.3,21,0,0,,forecast
FC00174,2026-27,Even,CIVIL,4,CE402,Structural Analysis I,core,47,40.0,45,2,,,,True,3,0,general,37.0,,52.5,77.2,21,0,0,,forecast
FC00175,2026-27,Even,CIVIL,4,CE451,Remote Sensing and GIS,elective,47,40.0,20,2,,,,True,3,0,general,35.2,18.0,52.5,83.1,21,0,0,,forecast
FC00176,2026-27,Even,CIVIL,4,CE452,Soft Skills,elective,47,40.0,19,2,,,,True,3,0,humanities_mgmt,18.0,35.2,52.5,75.2,21,0,0,,forecast
FC00177,2026-27,Odd,CIVIL,5,CE501,Geotechnical Engineering,core,46,41.5,47,2,,,,True,4,0,general,35.9,,47.0,83.4,20,0,0,,forecast
FC00178,2026-27,Odd,CIVIL,5,CE502,Concrete Technology,core,46,41.5,46,2,,,,True,3,0,general,36.7,,47.0,89.6,20,0,0,,forecast
FC00179,2026-27,Odd,CIVIL,5,CE551,Construction Management,elective,46,41.5,13,2,,,,True,3,0,humanities_mgmt,25.3,64.9,47.0,78.9,20,0,0,,forecast
FC00180,2026-27,Odd,CIVIL,5,CE552,Green Buildings,elective,46,41.5,32,2,,,,True,3,0,green_energy,64.9,25.3,47.0,76.9,15,0,0,,forecast
FC00181,2026-27,Even,CIVIL,6,CE601,Design of RC Structures,core,46,40.0,43,2,,,,True,3,0,general,39.6,,60.9,87.8,20,0,0,,forecast
FC00182,2026-27,Even,CIVIL,6,CE602,Transportation Engineering,core,46,40.0,44,2,,,,True,4,0,general,34.4,,60.9,91.9,20,0,0,,forecast
FC00183,2026-27,Even,CIVIL,6,CE651,Smart Cities,elective,46,40.0,28,2,,,,True,3,0,green_energy,63.3,30.1,60.9,80.6,9,0,0,,forecast
FC00184,2026-27,Even,CIVIL,6,CE652,Building Information Modelling,elective,46,40.0,17,2,,,,True,3,0,general,30.1,63.3,60.9,84.2,8,0,0,,forecast
FC00185,2026-27,Odd,CIVIL,7,CE701,Design of Steel Structures,core,45,41.5,45,2,,,,True,4,0,general,39.5,,60.3,77.8,19,0,0,,forecast
FC00186,2026-27,Odd,CIVIL,7,CE702,Water Supply Engineering,core,45,41.5,45,2,,,,True,4,0,general,34.5,,60.3,78.5,19,0,0,,forecast
FC00187,2026-27,Odd,CIVIL,7,CE751,Prestressed Concrete,elective,45,41.5,18,2,,,,True,3,0,general,37.0,19.7,60.3,80.6,19,0,0,,forecast
FC00188,2026-27,Odd,CIVIL,7,CE752,Disaster Management,elective,45,41.5,17,2,,,,True,3,0,humanities_mgmt,19.7,37.0,60.3,70.9,19,0,0,,forecast
FC00189,2026-27,Even,CIVIL,8,CE801,Estimation and Costing,core,45,40.0,46,2,,,,True,3,0,general,33.5,,53.4,77.6,19,0,0,,forecast
FC00190,2026-27,Even,CIVIL,8,CE802,Environmental Engineering,core,45,40.0,45,2,,,,True,4,0,humanities_mgmt,28.5,,53.4,79.5,19,0,0,,forecast
FC00191,2026-27,Even,CIVIL,8,CE851,Earthquake Resistant Design,elective,45,40.0,24,2,,,,True,3,0,general,36.5,36.0,53.4,79.5,19,0,0,,forecast
FC00192,2026-27,Even,CIVIL,8,CE852,Urban Planning,elective,45,40.0,25,2,,,,True,3,0,general,36.0,36.5,53.4,79.0,19,0,0,,forecast
FC00193,2026-27,Odd,AIDS,1,AD101,Engineering Mathematics I,core,140,75.8,130,7,,,,True,4,0,general,35.2,,75.4,85.6,7,0,0,,forecast
FC00194,2026-27,Odd,AIDS,1,AD102,Problem Solving and Python,core,140,75.8,127,6,,,,True,4,0,software,61.0,,75.4,81.4,7,0,0,,forecast
FC00195,2026-27,Odd,AIDS,1,AD151,Technical English,elective,140,75.8,122,5,,,,True,3,0,humanities_mgmt,24.0,24.1,75.4,88.1,7,0,0,,forecast
FC00196,2026-27,Odd,AIDS,1,AD152,Environmental Science,elective,140,75.8,123,6,,,,True,3,0,humanities_mgmt,24.1,24.0,75.4,84.6,7,0,0,,forecast
FC00197,2026-27,Even,AIDS,2,AD201,Data Structures,core,143,77.9,119,5,,,,True,3,1,general,35.6,,75.1,89.6,7,0,0,,forecast
FC00198,2026-27,Even,AIDS,2,AD202,Linear Algebra for AI,core,143,77.9,119,5,,,,True,4,0,ai_ml,96.4,,75.1,87.2,7,0,0,,forecast
FC00199,2026-27,Even,AIDS,2,AD251,Digital Principles,elective,143,77.9,113,6,,,,True,3,0,general,38.8,39.5,75.1,76.1,7,0,0,,forecast
FC00200,2026-27,Even,AIDS,2,AD252,Engineering Graphics,elective,143,77.9,113,7,,,,True,3,1,general,39.5,38.8,75.1,82.8,7,0,0,,forecast
FC00201,2026-27,Odd,AIDS,3,AD301,Probability and Statistics,core,132,75.8,122,5,,,,True,3,0,general,33.4,,80.4,77.4,6,0,0,,forecast
FC00202,2026-27,Odd,AIDS,3,AD302,Database Management Systems,core,132,75.8,119,6,,,,True,4,1,humanities_mgmt,26.2,,80.4,81.2,6,0,0,,forecast
FC00203,2026-27,Odd,AIDS,3,AD351,Object Oriented Programming,elective,132,75.8,115,6,,,,True,3,1,software,56.9,27.8,80.4,82.3,6,0,0,,forecast
FC00204,2026-27,Odd,AIDS,3,AD352,Professional Ethics,elective,132,75.8,109,5,,,,True,3,0,humanities_mgmt,27.8,56.9,80.4,87.8,6,0,0,,forecast
FC00205,2026-27,Even,AIDS,4,AD401,Design and Analysis of Algorithms,core,131,77.9,124,5,,,,True,4,0,general,35.9,,77.9,94.0,6,0,0,,forecast
FC00206,2026-27,Even,AIDS,4,AD402,Operating Systems,core,131,77.9,124,6,,,,True,4,0,general,35.2,,77.9,86.2,6,0,0,,forecast
FC00207,2026-27,Even,AIDS,4,AD451,Data Wrangling,elective,131,77.9,117,5,,,,True,3,0,data,82.6,23.9,77.9,80.8,6,0,0,,forecast
FC00208,2026-27,Even,AIDS,4,AD452,Soft Skills,elective,131,77.9,107,5,,,,True,3,0,humanities_mgmt,23.9,82.6,77.9,79.7,6,0,0,,forecast
FC00209,2026-27,Odd,AIDS,5,AD501,Machine Learning,core,125,75.8,109,5,,,,True,3,0,ai_ml,88.9,,79.0,71.9,5,0,0,,forecast
FC00210,2026-27,Odd,AIDS,5,AD502,Computer Networks,core,125,75.8,108,5,,,,True,4,1,general,39.1,,79.0,86.3,5,0,0,,forecast
FC00211,2026-27,Odd,AIDS,5,AD551,Data Visualization,elective,125,75.8,103,6,,,,True,3,0,data,74.3,76.6,79.0,68.6,5,0,0,,forecast
FC00212,2026-27,Odd,AIDS,5,AD552,Business Analytics,elective,125,75.8,102,6,,,,True,3,0,data,76.6,74.3,79.0,77.6,5,0,0,,forecast
FC00213,2026-27,Even,AIDS,6,AD601,Deep Learning,core,122,77.9,110,5,,,,True,3,0,ai_ml,91.1,,79.3,80.0,5,0,0,,forecast
FC00214,2026-27,Even,AIDS,6,AD602,Big Data Analytics,core,122,77.9,113,6,,,,True,3,0,data,78.6,,79.3,86.5,5,0,0,,forecast
FC00215,2026-27,Even,AIDS,6,AD651,Natural Language Processing,elective,122,77.9,106,5,,,,True,3,0,ai_ml,92.9,74.7,79.3,75.7,5,0,0,,forecast
FC00216,2026-27,Even,AIDS,6,AD652,Cloud Computing,elective,122,77.9,102,6,,,,True,3,0,cloud,74.7,92.9,79.3,86.1,5,0,0,,forecast
FC00217,2026-27,Odd,AIDS,7,AD701,Computer Vision,core,111,75.8,96,5,,,,True,4,0,ai_ml,93.3,,79.1,83.5,4,0,0,,forecast
FC00218,2026-27,Odd,AIDS,7,AD702,Reinforcement Learning,core,111,75.8,95,4,,,,True,3,0,ai_ml,87.5,,79.1,83.2,4,0,0,,forecast
FC00219,2026-27,Odd,AIDS,7,AD751,Generative AI,elective,111,75.8,92,5,,,,True,3,0,ai_ml,91.9,69.8,79.1,80.5,3,0,0,,forecast
FC00220,2026-27,Odd,AIDS,7,AD752,Cyber Security,elective,111,75.8,89,5,,,,True,3,0,security,69.8,91.9,79.1,81.3,4,0,0,,forecast
FC00221,2026-27,Even,AIDS,8,AD801,AI Ethics and Governance,core,108,77.9,98,5,,,,True,3,0,ai_ml,82.5,,75.2,87.7,4,0,0,,forecast
FC00222,2026-27,Even,AIDS,8,AD802,MLOps,core,108,77.9,98,5,,,,True,3,0,ai_ml,88.1,,75.2,83.6,4,0,0,,forecast
FC00223,2026-27,Even,AIDS,8,AD851,Explainable AI,elective,108,77.9,94,4,,,,True,3,0,ai_ml,90.1,9.1,75.2,84.7,4,0,0,,forecast
FC00224,2026-27,Even,AIDS,8,AD852,Blockchain Technology,elective,108,77.9,75,4,,,,True,3,0,blockchain,9.1,90.1,75.2,83.1,4,0,0,,forecast
FC00225,2026-27,Odd,CSBS,1,CB101,Engineering Mathematics I,core,60,69.1,58,3,,,,True,4,0,general,37.5,,73.6,91.6,7,0,0,,forecast
FC00226,2026-27,Odd,CSBS,1,CB102,Business Communication,core,60,69.1,60,3,,,,True,3,0,humanities_mgmt,24.7,,73.6,83.7,7,0,0,,forecast
FC00227,2026-27,Odd,CSBS,1,CB151,Problem Solving and Python,elective,60,69.1,54,2,,,,True,3,0,software,58.4,24.2,73.6,89.4,7,0,0,,forecast
FC00228,2026-27,Odd,CSBS,1,CB152,Environmental Science,elective,60,69.1,45,2,,,,True,3,0,humanities_mgmt,24.2,58.4,73.6,92.5,7,0,0,,forecast
FC00229,2026-27,Even,CSBS,2,CB201,Data Structures,core,57,68.0,59,3,,,,True,3,1,general,39.6,,68.6,79.3,7,0,0,,forecast
FC00230,2026-27,Even,CSBS,2,CB202,Principles of Management,core,57,68.0,59,2,,,,True,4,0,humanities_mgmt,21.5,,68.6,82.4,7,0,0,,forecast
FC00231,2026-27,Even,CSBS,2,CB251,Digital Principles,elective,57,68.0,52,2,,,,True,3,0,general,39.9,34.5,68.6,87.8,7,0,0,,forecast
FC00232,2026-27,Even,CSBS,2,CB252,Engineering Graphics,elective,57,68.0,51,2,,,,True,3,1,general,34.5,39.9,68.6,72.9,7,0,0,,forecast
FC00233,2026-27,Odd,CSBS,3,CB301,Discrete Mathematics,core,66,69.1,60,3,,,,True,3,0,general,37.8,,73.8,78.2,6,0,0,,forecast
FC00234,2026-27,Odd,CSBS,3,CB302,Financial Accounting,core,66,69.1,61,2,,,,True,4,0,humanities_mgmt,20.4,,73.8,83.2,6,0,0,,forecast
FC00235,2026-27,Odd,CSBS,3,CB351,Database Management Systems,elective,66,69.1,54,3,,,,True,3,1,humanities_mgmt,25.7,22.0,73.8,80.2,6,0,0,,forecast
FC00236,2026-27,Odd,CSBS,3,CB352,Professional Ethics,elective,66,69.1,50,2,,,,True,3,0,humanities_mgmt,22.0,25.7,73.8,80.4,6,0,0,,forecast
FC00237,2026-27,Even,CSBS,4,CB401,Object Oriented Programming,core,62,68.0,61,3,,,,True,4,1,software,57.5,,72.1,83.0,6,0,0,,forecast
FC00238,2026-27,Even,CSBS,4,CB402,Operating Systems,core,62,68.0,62,2,,,,True,4,0,general,37.3,,72.1,82.6,6,0,0,,forecast
FC00239,2026-27,Even,CSBS,4,CB451,Business Statistics,elective,62,68.0,56,2,,,,True,3,0,general,39.5,24.3,72.1,82.2,6,0,0,,forecast
FC00240,2026-27,Even,CSBS,4,CB452,Soft Skills,elective,62,68.0,50,2,,,,True,3,0,humanities_mgmt,24.3,39.5,72.1,89.6,6,0,0,,forecast
FC00241,2026-27,Odd,CSBS,5,CB501,Computer Networks,core,61,69.1,56,2,,,,True,4,1,general,36.7,,72.4,83.4,5,0,0,,forecast
FC00242,2026-27,Odd,CSBS,5,CB502,Marketing Management,core,61,69.1,56,3,,,,True,3,0,humanities_mgmt,29.2,,72.4,86.0,5,0,0,,forecast
FC00243,2026-27,Odd,CSBS,5,CB551,Machine Learning,elective,61,69.1,54,2,,,,True,3,0,ai_ml,87.5,60.7,72.4,76.9,5,0,0,,forecast
FC00244,2026-27,Odd,CSBS,5,CB552,Software Testing,elective,61,69.1,48,2,,,,True,3,0,software,60.7,87.5,72.4,81.0,5,0,0,,forecast
FC00245,2026-27,Even,CSBS,6,CB601,Software Engineering,core,60,68.0,55,2,,,,True,4,0,general,31.5,,73.4,71.1,5,0,0,,forecast
FC00246,2026-27,Even,CSBS,6,CB602,Enterprise Systems,core,60,68.0,55,2,,,,True,4,0,general,33.0,,73.4,82.5,5,0,0,,forecast
FC00247,2026-27,Even,CSBS,6,CB651,Cloud Computing,elective,60,68.0,53,3,,,,True,3,0,cloud,75.5,23.3,73.4,75.8,5,0,0,,forecast
FC00248,2026-27,Even,CSBS,6,CB652,Digital Marketing,elective,60,68.0,36,2,,,,True,3,0,humanities_mgmt,23.3,75.5,73.4,76.9,5,0,0,,forecast
FC00249,2026-27,Odd,CSBS,7,CB701,Information Security,core,57,69.1,57,2,,,,True,4,0,security,69.2,,77.1,80.8,4,0,0,,forecast
FC00250,2026-27,Odd,CSBS,7,CB702,Operations Research,core,57,69.1,56,3,,,,True,3,0,general,33.7,,77.1,87.6,4,0,0,,forecast
FC00251,2026-27,Odd,CSBS,7,CB751,Data Analytics,elective,57,69.1,54,2,,,,True,3,0,data,85.4,9.6,77.1,80.0,4,0,0,,forecast
FC00252,2026-27,Odd,CSBS,7,CB752,Fintech Systems,elective,57,69.1,36,3,,,,True,3,0,blockchain,9.6,85.4,77.1,80.0,4,0,0,,forecast
FC00253,2026-27,Even,CSBS,8,CB801,Strategic Management,core,57,68.0,58,2,,,,True,4,0,humanities_mgmt,24.4,,74.1,84.5,4,0,0,,forecast
FC00254,2026-27,Even,CSBS,8,CB802,Project Management,core,57,68.0,56,2,,,,True,4,0,humanities_mgmt,24.7,,74.1,80.5,4,0,0,,forecast
FC00255,2026-27,Even,CSBS,8,CB851,Generative AI,elective,57,68.0,54,2,,,,True,3,0,ai_ml,86.5,10.2,74.1,79.7,3,0,0,,forecast
FC00256,2026-27,Even,CSBS,8,CB852,Blockchain Technology,elective,57,68.0,36,3,,,,True,3,0,blockchain,10.2,86.5,74.1,83.6,4,0,0,,forecast
